Timestamp,Signal_Strength,Latency,Required_Bandwidth,Allocated_Bandwidth,Application_Type,Resource_Allocation
2026-03-25 10:40:35,-50.5 dBm,820.0 ms,1.415 Mbps,0.915 Mbps,Gaming,52.0%
2026-03-25 10:53:45,-70.0 dBm,30.0 ms,0.5 Mbps,0.0 Mbps,Gaming,23.7%
2026-03-25 10:53:53,-70.0 dBm,62.0 ms,2.731 Mbps,2.231 Mbps,Gaming,69.5%
2026-03-25 10:53:59,-50.5 dBm,562.0 ms,1.339 Mbps,0.839 Mbps,Gaming,50.8%
2026-03-25 10:54:03,-50.5 dBm,414.0 ms,1.132 Mbps,0.632 Mbps,Gaming,46.7%
2026-03-25 10:54:11,-50.5 dBm,92.0 ms,5.254 Mbps,4.754 Mbps,Gaming,78.3%
2026-03-25 10:54:15,-50.5 dBm,483.0 ms,3.408 Mbps,2.908 Mbps,Gaming,64.4%
2026-03-25 10:54:21,-50.5 dBm,571.0 ms,2.244 Mbps,1.744 Mbps,Gaming,59.8%
2026-03-25 10:54:26,-50.5 dBm,725.0 ms,2.787 Mbps,2.287 Mbps,Gaming,62.4%
2026-03-25 10:54:31,-50.5 dBm,844.0 ms,2.981 Mbps,2.481 Mbps,Gaming,63.1%
2026-03-25 10:54:36,-50.5 dBm,555.0 ms,2.513 Mbps,2.013 Mbps,Gaming,61.2%
2026-03-25 10:54:41,-50.5 dBm,661.0 ms,2.777 Mbps,2.277 Mbps,Gaming,62.4%
2026-03-25 10:54:45,-51.0 dBm,216.0 ms,1.938 Mbps,1.438 Mbps,Gaming,57.5%
2026-03-25 10:54:50,-50.5 dBm,68.0 ms,1.348 Mbps,0.848 Mbps,Gaming,64.1%
2026-03-25 10:54:54,-50.5 dBm,69.0 ms,1.749 Mbps,1.249 Mbps,Gaming,69.1%
2026-03-25 10:54:58,-50.5 dBm,65.0 ms,1.586 Mbps,1.086 Mbps,Gaming,67.8%
2026-03-25 10:55:03,-50.5 dBm,249.0 ms,3.989 Mbps,3.489 Mbps,Gaming,65.6%
2026-03-25 10:55:07,-50.5 dBm,90.0 ms,1.827 Mbps,1.327 Mbps,Gaming,67.8%
2026-03-25 10:55:12,-50.5 dBm,97.0 ms,1.739 Mbps,1.239 Mbps,Gaming,66.2%
2026-03-26 16:44:05,-71.0 dBm,23.0 ms,0.635 Mbps,0.135 Mbps,File Transfer,36.8%
2026-03-26 16:44:09,-59.5 dBm,21.0 ms,0.628 Mbps,0.128 Mbps,File Transfer,40.3%
2026-03-26 16:44:17,-59.5 dBm,19.0 ms,0.51 Mbps,0.01 Mbps,File Transfer,29.4%
2026-03-26 16:44:21,-59.0 dBm,24.0 ms,0.65 Mbps,0.15 Mbps,File Transfer,41.8%
2026-03-26 16:44:26,-59.0 dBm,20.0 ms,0.62 Mbps,0.12 Mbps,Gaming,40.0%
2026-03-26 16:44:30,-59.0 dBm,21.0 ms,0.563 Mbps,0.063 Mbps,Gaming,34.9%
2026-03-26 16:44:34,-59.0 dBm,21.0 ms,1.919 Mbps,1.419 Mbps,Gaming,72.6%
2026-03-26 16:44:38,-59.0 dBm,21.0 ms,0.501 Mbps,0.001 Mbps,Gaming,28.3%
2026-03-26 16:44:43,-60.0 dBm,21.0 ms,0.5 Mbps,0.0 Mbps,Gaming,27.9%
2026-03-26 16:44:47,-64.0 dBm,21.0 ms,0.502 Mbps,0.002 Mbps,Gaming,26.8%
2026-03-26 16:44:51,-64.0 dBm,22.0 ms,0.511 Mbps,0.011 Mbps,Gaming,27.8%
2026-03-26 16:44:56,-64.0 dBm,25.0 ms,0.504 Mbps,0.004 Mbps,Gaming,26.6%
2026-03-26 16:45:00,-64.0 dBm,22.0 ms,0.501 Mbps,0.001 Mbps,Gaming,26.6%
2026-03-26 16:45:04,-62.5 dBm,20.0 ms,0.502 Mbps,0.002 Mbps,Gaming,27.4%
2026-03-26 16:45:08,-62.5 dBm,23.0 ms,0.501 Mbps,0.001 Mbps,Gaming,27.0%
2026-03-26 16:45:13,-60.0 dBm,21.0 ms,0.503 Mbps,0.003 Mbps,Gaming,28.3%
2026-03-26 16:45:17,-64.0 dBm,24.0 ms,0.513 Mbps,0.013 Mbps,Gaming,27.8%
2026-03-26 16:45:21,-64.0 dBm,38.0 ms,0.503 Mbps,0.003 Mbps,Gaming,25.2%
2026-03-26 16:45:26,-59.5 dBm,24.0 ms,0.561 Mbps,0.061 Mbps,Gaming,34.3%
2026-03-26 16:45:30,-62.5 dBm,23.0 ms,0.561 Mbps,0.061 Mbps,Gaming,33.4%
2026-03-26 16:45:35,-60.0 dBm,23.0 ms,0.56 Mbps,0.06 Mbps,Gaming,34.1%
2026-03-26 16:45:39,-59.0 dBm,36.0 ms,0.503 Mbps,0.003 Mbps,Gaming,27.1%
2026-03-26 16:45:43,-59.5 dBm,25.0 ms,0.584 Mbps,0.084 Mbps,Gaming,36.3%
2026-03-26 16:45:48,-59.5 dBm,24.0 ms,0.642 Mbps,0.142 Mbps,Gaming,41.0%
2026-03-26 16:45:52,-65.0 dBm,25.0 ms,0.804 Mbps,0.304 Mbps,Gaming,48.5%
2026-03-26 16:45:56,-59.5 dBm,24.0 ms,15.282 Mbps,14.782 Mbps,Gaming,85.8%
2026-03-26 16:46:01,-59.0 dBm,23.0 ms,1.197 Mbps,0.697 Mbps,Gaming,63.0%
2026-03-26 16:46:05,-59.0 dBm,26.0 ms,0.504 Mbps,0.004 Mbps,Gaming,28.2%
2026-03-26 16:46:09,-59.0 dBm,24.0 ms,0.501 Mbps,0.001 Mbps,Gaming,28.1%
2026-03-26 16:46:14,-73.0 dBm,25.0 ms,0.509 Mbps,0.009 Mbps,Gaming,24.2%
2026-03-26 16:46:18,-61.0 dBm,24.0 ms,0.502 Mbps,0.002 Mbps,Gaming,27.5%
2026-03-26 16:46:22,-61.0 dBm,25.0 ms,0.5 Mbps,0.0 Mbps,Gaming,27.2%
2026-03-26 16:46:30,-61.0 dBm,25.0 ms,0.751 Mbps,0.251 Mbps,Gaming,47.2%
2026-03-26 16:46:34,-56.5 dBm,25.0 ms,2.046 Mbps,1.546 Mbps,Gaming,74.0%
2026-03-26 16:46:39,-56.5 dBm,45.0 ms,30.811 Mbps,30.311 Mbps,Gaming,85.7%
2026-03-26 16:46:43,-56.5 dBm,15.0 ms,0.782 Mbps,0.282 Mbps,Gaming,51.3%
2026-03-26 16:46:48,-61.0 dBm,15.0 ms,2.129 Mbps,1.629 Mbps,Gaming,74.1%
2026-03-26 16:46:52,-54.0 dBm,19.0 ms,6.096 Mbps,5.596 Mbps,Gaming,85.2%
2026-03-26 16:46:56,-53.5 dBm,23.0 ms,1.606 Mbps,1.106 Mbps,Gaming,71.2%
2026-03-26 16:47:01,-59.0 dBm,29.0 ms,0.629 Mbps,0.129 Mbps,Gaming,39.7%
2026-03-26 16:47:05,-54.0 dBm,24.0 ms,0.504 Mbps,0.004 Mbps,Gaming,30.1%
2026-03-26 16:47:09,-54.0 dBm,25.0 ms,0.605 Mbps,0.105 Mbps,Gaming,39.9%
2026-03-26 16:47:13,-55.0 dBm,33.0 ms,0.697 Mbps,0.197 Mbps,Gaming,45.3%
2026-03-26 16:47:18,-55.0 dBm,122.0 ms,0.573 Mbps,0.073 Mbps,Gaming,27.1%
2026-03-26 16:47:22,-55.0 dBm,24.0 ms,0.547 Mbps,0.047 Mbps,Gaming,34.4%
2026-03-26 16:47:27,-54.0 dBm,28.0 ms,0.517 Mbps,0.017 Mbps,Gaming,31.2%
2026-03-26 16:47:31,-59.0 dBm,23.0 ms,0.671 Mbps,0.171 Mbps,Gaming,43.3%
2026-03-26 16:47:35,-59.0 dBm,24.0 ms,4.911 Mbps,4.411 Mbps,Gaming,81.8%
2026-03-26 16:47:39,-59.0 dBm,24.0 ms,13.778 Mbps,13.278 Mbps,Gaming,85.8%
2026-03-26 16:47:43,-59.0 dBm,22.0 ms,0.503 Mbps,0.003 Mbps,Gaming,28.5%
2026-03-26 16:47:48,-59.0 dBm,26.0 ms,99.036 Mbps,98.536 Mbps,Gaming,87.4%
2026-03-26 16:47:52,-58.5 dBm,29.0 ms,1.72 Mbps,1.22 Mbps,Gaming,70.2%
2026-03-26 16:47:56,-58.5 dBm,24.0 ms,0.681 Mbps,0.181 Mbps,Gaming,44.0%
2026-03-26 16:48:00,-58.0 dBm,22.0 ms,0.502 Mbps,0.002 Mbps,Gaming,28.7%
2026-03-26 16:48:04,-58.5 dBm,22.0 ms,0.751 Mbps,0.251 Mbps,Gaming,48.4%
2026-03-26 16:48:09,-58.5 dBm,23.0 ms,0.503 Mbps,0.003 Mbps,Gaming,28.6%
2026-03-26 16:48:13,-59.0 dBm,23.0 ms,0.506 Mbps,0.006 Mbps,Gaming,28.7%
2026-03-26 16:48:17,-59.0 dBm,23.0 ms,1.517 Mbps,1.017 Mbps,Gaming,68.3%
2026-03-26 16:48:21,-59.0 dBm,24.0 ms,0.833 Mbps,0.333 Mbps,Gaming,51.9%
2026-03-26 16:48:25,-60.0 dBm,23.0 ms,1.233 Mbps,0.733 Mbps,Gaming,63.4%
2026-03-26 16:48:30,-60.0 dBm,23.0 ms,0.663 Mbps,0.163 Mbps,Gaming,42.4%
2026-03-26 16:48:34,-60.0 dBm,23.0 ms,0.819 Mbps,0.319 Mbps,Gaming,51.1%
2026-03-26 16:48:38,-60.0 dBm,25.0 ms,1.186 Mbps,0.686 Mbps,Gaming,62.2%
2026-03-26 16:48:42,-59.0 dBm,23.0 ms,2.131 Mbps,1.631 Mbps,Gaming,74.0%
2026-03-26 16:48:47,-59.0 dBm,23.0 ms,0.611 Mbps,0.111 Mbps,Gaming,38.9%
2026-03-26 16:48:51,-59.5 dBm,25.0 ms,0.605 Mbps,0.105 Mbps,Gaming,38.1%
2026-03-26 16:48:55,-59.5 dBm,23.0 ms,1.201 Mbps,0.701 Mbps,Gaming,62.9%
2026-03-26 16:48:59,-59.5 dBm,23.0 ms,1.0 Mbps,0.5 Mbps,Gaming,57.9%
2026-03-26 16:49:03,-59.5 dBm,24.0 ms,0.643 Mbps,0.143 Mbps,Gaming,41.1%
2026-03-26 16:49:07,-59.5 dBm,26.0 ms,0.609 Mbps,0.109 Mbps,Gaming,38.3%
2026-03-26 16:49:12,-59.5 dBm,22.0 ms,0.545 Mbps,0.045 Mbps,Gaming,32.9%
2026-03-26 16:49:16,-59.5 dBm,23.0 ms,0.5 Mbps,0.0 Mbps,Gaming,27.9%
2026-03-26 16:49:20,-59.5 dBm,23.0 ms,0.507 Mbps,0.007 Mbps,Gaming,28.7%
2026-03-26 16:49:24,-59.5 dBm,23.0 ms,0.511 Mbps,0.011 Mbps,Gaming,29.2%
2026-03-26 16:49:28,-59.0 dBm,23.0 ms,8.866 Mbps,8.366 Mbps,Gaming,84.7%
2026-03-26 16:49:33,-59.0 dBm,23.0 ms,0.605 Mbps,0.105 Mbps,Gaming,38.5%
2026-03-26 16:49:37,-59.0 dBm,22.0 ms,0.578 Mbps,0.078 Mbps,Gaming,36.2%
2026-03-26 16:49:41,-59.0 dBm,23.0 ms,0.508 Mbps,0.008 Mbps,Gaming,29.0%
2026-03-26 16:49:45,-59.0 dBm,23.0 ms,0.587 Mbps,0.087 Mbps,Gaming,36.9%
2026-03-26 16:49:49,-59.0 dBm,24.0 ms,0.501 Mbps,0.001 Mbps,Gaming,28.1%
2026-03-26 16:49:53,-59.0 dBm,23.0 ms,0.5 Mbps,0.0 Mbps,Gaming,28.0%
2026-03-26 16:49:58,-59.0 dBm,23.0 ms,0.5 Mbps,0.0 Mbps,Gaming,28.0%
2026-03-26 16:50:02,-59.0 dBm,23.0 ms,0.51 Mbps,0.01 Mbps,Gaming,29.2%
2026-03-26 16:50:06,-59.0 dBm,22.0 ms,0.503 Mbps,0.003 Mbps,Gaming,28.5%
2026-03-26 16:50:10,-59.0 dBm,23.0 ms,0.501 Mbps,0.001 Mbps,Gaming,28.1%
2026-03-26 16:50:14,-59.0 dBm,23.0 ms,0.501 Mbps,0.001 Mbps,Gaming,28.1%
2026-03-26 16:50:18,-59.0 dBm,23.0 ms,0.86 Mbps,0.36 Mbps,Gaming,53.1%
2026-03-26 16:50:23,-59.0 dBm,23.0 ms,0.685 Mbps,0.185 Mbps,Gaming,44.2%
2026-03-26 16:50:27,-59.0 dBm,130.0 ms,8.189 Mbps,7.689 Mbps,Gaming,73.7%
2026-03-26 16:50:31,-59.5 dBm,37.0 ms,0.784 Mbps,0.284 Mbps,Gaming,48.2%
2026-03-26 16:50:35,-59.5 dBm,22.0 ms,7.236 Mbps,6.736 Mbps,Gaming,83.8%
2026-03-26 16:50:40,-58.5 dBm,24.0 ms,0.504 Mbps,0.004 Mbps,Gaming,28.6%
2026-03-26 16:50:44,-58.5 dBm,24.0 ms,1.024 Mbps,0.524 Mbps,Gaming,58.8%
2026-03-26 16:50:48,-58.5 dBm,22.0 ms,0.504 Mbps,0.004 Mbps,Gaming,28.8%
2026-03-26 16:50:52,-59.0 dBm,23.0 ms,0.734 Mbps,0.234 Mbps,Gaming,47.2%
2026-03-26 16:50:56,-59.0 dBm,23.0 ms,9.335 Mbps,8.835 Mbps,Gaming,84.8%
2026-03-26 16:51:00,-59.0 dBm,23.0 ms,0.686 Mbps,0.186 Mbps,Gaming,44.3%
2026-03-26 16:51:05,-59.0 dBm,23.0 ms,0.5 Mbps,0.0 Mbps,Gaming,28.0%
2026-03-26 16:51:09,-59.0 dBm,22.0 ms,0.619 Mbps,0.119 Mbps,Gaming,39.7%
2026-03-26 16:51:13,-59.0 dBm,24.0 ms,0.504 Mbps,0.004 Mbps,Gaming,28.4%
2026-03-26 16:51:17,-59.0 dBm,24.0 ms,0.502 Mbps,0.002 Mbps,Gaming,28.2%
2026-03-26 16:51:21,-59.0 dBm,25.0 ms,0.503 Mbps,0.003 Mbps,Gaming,28.2%
2026-03-26 16:51:25,-59.0 dBm,23.0 ms,0.555 Mbps,0.055 Mbps,Gaming,34.0%
2026-03-26 16:51:30,-59.0 dBm,23.0 ms,0.547 Mbps,0.047 Mbps,Gaming,33.2%
2026-03-26 16:51:34,-59.0 dBm,23.0 ms,0.558 Mbps,0.058 Mbps,Gaming,34.3%
2026-03-26 16:51:38,-59.0 dBm,22.0 ms,0.505 Mbps,0.005 Mbps,Gaming,28.7%
2026-03-26 16:51:42,-59.0 dBm,22.0 ms,0.603 Mbps,0.103 Mbps,Gaming,38.4%
2026-03-26 16:51:46,-59.0 dBm,23.0 ms,0.506 Mbps,0.006 Mbps,Gaming,28.7%
2026-03-26 16:51:51,-59.0 dBm,23.0 ms,0.503 Mbps,0.003 Mbps,Gaming,28.4%
2026-03-26 16:51:55,-59.0 dBm,24.0 ms,0.51 Mbps,0.01 Mbps,Gaming,29.1%
2026-03-26 16:51:59,-59.0 dBm,23.0 ms,0.541 Mbps,0.041 Mbps,Gaming,32.6%
2026-03-26 16:52:03,-59.0 dBm,23.0 ms,0.501 Mbps,0.001 Mbps,Gaming,28.1%
2026-03-26 16:52:07,-59.0 dBm,40.0 ms,0.511 Mbps,0.011 Mbps,Gaming,27.6%
2026-03-26 16:52:11,-59.0 dBm,23.0 ms,0.592 Mbps,0.092 Mbps,Gaming,37.4%
2026-03-26 16:52:16,-59.0 dBm,23.0 ms,0.5 Mbps,0.0 Mbps,Gaming,28.0%
2026-03-26 16:52:20,-59.0 dBm,23.0 ms,0.549 Mbps,0.049 Mbps,Gaming,33.4%
2026-03-26 16:52:24,-59.0 dBm,23.0 ms,0.506 Mbps,0.006 Mbps,Gaming,28.7%
2026-03-26 16:52:28,-59.0 dBm,24.0 ms,1.022 Mbps,0.522 Mbps,Gaming,58.6%
2026-03-26 16:52:32,-59.0 dBm,23.0 ms,10.378 Mbps,9.878 Mbps,Gaming,85.1%
2026-03-26 16:52:36,-59.0 dBm,24.0 ms,1.072 Mbps,0.572 Mbps,Gaming,60.0%
2026-03-26 16:52:41,-59.0 dBm,24.0 ms,7.252 Mbps,6.752 Mbps,Gaming,83.8%
2026-03-26 16:52:45,-59.0 dBm,22.0 ms,1.084 Mbps,0.584 Mbps,Gaming,60.5%
2026-03-26 16:52:49,-59.0 dBm,23.0 ms,0.594 Mbps,0.094 Mbps,Gaming,37.5%
2026-03-26 16:52:53,-59.0 dBm,23.0 ms,7.689 Mbps,7.189 Mbps,Gaming,84.1%
2026-03-26 16:52:57,-71.0 dBm,24.0 ms,21.567 Mbps,21.067 Mbps,Gaming,82.5%
2026-03-26 16:53:02,-71.5 dBm,24.0 ms,0.59 Mbps,0.09 Mbps,Gaming,32.9%
2026-03-26 16:53:06,-59.5 dBm,25.0 ms,0.507 Mbps,0.007 Mbps,Gaming,28.5%
2026-03-26 16:53:10,-59.5 dBm,22.0 ms,0.504 Mbps,0.004 Mbps,Gaming,28.4%
2026-03-26 16:53:14,-59.5 dBm,23.0 ms,0.506 Mbps,0.006 Mbps,Gaming,28.6%
2026-03-26 16:53:18,-59.5 dBm,24.0 ms,1.098 Mbps,0.598 Mbps,Gaming,60.4%
2026-03-26 16:53:23,-59.5 dBm,23.0 ms,0.5 Mbps,0.0 Mbps,Gaming,27.9%
2026-03-26 16:53:27,-59.5 dBm,24.0 ms,0.636 Mbps,0.136 Mbps,Gaming,40.6%
2026-03-26 16:53:31,-59.5 dBm,24.0 ms,0.622 Mbps,0.122 Mbps,Gaming,39.5%
2026-03-26 16:53:35,-59.5 dBm,24.0 ms,0.598 Mbps,0.098 Mbps,Gaming,37.6%
2026-03-26 16:53:39,-59.5 dBm,23.0 ms,0.604 Mbps,0.104 Mbps,Gaming,38.2%
2026-03-26 16:53:44,-59.5 dBm,23.0 ms,0.619 Mbps,0.119 Mbps,Gaming,39.4%
2026-03-26 16:53:48,-59.5 dBm,23.0 ms,0.56 Mbps,0.06 Mbps,Gaming,34.3%
2026-03-26 16:53:52,-59.5 dBm,23.0 ms,8.047 Mbps,7.547 Mbps,Gaming,84.1%
2026-03-26 16:53:56,-59.5 dBm,23.0 ms,0.5 Mbps,0.0 Mbps,Gaming,27.9%
2026-03-26 16:54:01,-59.5 dBm,23.0 ms,6.741 Mbps,6.241 Mbps,Gaming,83.4%
2026-03-26 16:54:05,-59.5 dBm,24.0 ms,0.505 Mbps,0.005 Mbps,Gaming,28.4%
2026-03-26 16:54:10,-59.5 dBm,23.0 ms,6.891 Mbps,6.391 Mbps,Gaming,83.5%
2026-03-26 16:54:14,-59.0 dBm,22.0 ms,0.599 Mbps,0.099 Mbps,Gaming,38.0%
2026-03-26 16:54:18,-59.0 dBm,24.0 ms,0.51 Mbps,0.01 Mbps,Gaming,29.1%
2026-03-26 16:54:22,-59.0 dBm,23.0 ms,0.5 Mbps,0.0 Mbps,Gaming,28.0%
2026-03-26 16:54:26,-59.0 dBm,23.0 ms,0.51 Mbps,0.01 Mbps,Gaming,29.2%
2026-03-26 16:54:31,-59.0 dBm,23.0 ms,0.505 Mbps,0.005 Mbps,Gaming,28.6%
2026-03-26 16:54:35,-59.0 dBm,24.0 ms,0.501 Mbps,0.001 Mbps,Gaming,28.1%
2026-03-26 16:54:39,-59.0 dBm,22.0 ms,0.501 Mbps,0.001 Mbps,Gaming,28.2%
2026-03-26 16:54:43,-59.0 dBm,23.0 ms,0.5 Mbps,0.0 Mbps,Gaming,28.0%
2026-03-26 16:54:48,-59.0 dBm,22.0 ms,0.502 Mbps,0.002 Mbps,Gaming,28.4%
2026-03-26 16:54:52,-59.0 dBm,23.0 ms,0.501 Mbps,0.001 Mbps,Gaming,28.1%
2026-03-26 16:54:56,-59.0 dBm,23.0 ms,0.501 Mbps,0.001 Mbps,Gaming,28.1%
2026-03-26 16:55:00,-58.5 dBm,25.0 ms,0.502 Mbps,0.002 Mbps,Gaming,28.2%
2026-03-26 16:55:04,-58.5 dBm,22.0 ms,0.502 Mbps,0.002 Mbps,Gaming,28.5%
2026-03-26 16:55:08,-58.5 dBm,26.0 ms,10.195 Mbps,9.695 Mbps,Gaming,85.0%
2026-03-26 16:55:13,-58.5 dBm,30.0 ms,8.563 Mbps,8.063 Mbps,Gaming,84.0%
2026-03-26 16:55:17,-58.5 dBm,25.0 ms,0.549 Mbps,0.049 Mbps,Gaming,33.4%
2026-03-26 16:55:21,-59.0 dBm,23.0 ms,0.502 Mbps,0.002 Mbps,Gaming,28.3%
2026-03-26 16:55:25,-59.0 dBm,22.0 ms,0.501 Mbps,0.001 Mbps,Gaming,28.2%
2026-03-26 16:55:29,-59.0 dBm,22.0 ms,1.68 Mbps,1.18 Mbps,Gaming,70.3%
2026-03-26 16:55:33,-58.5 dBm,23.0 ms,0.605 Mbps,0.105 Mbps,Gaming,38.6%
2026-03-26 16:55:38,-59.5 dBm,23.0 ms,0.507 Mbps,0.007 Mbps,Gaming,28.7%
2026-03-26 16:55:42,-59.5 dBm,25.0 ms,0.501 Mbps,0.001 Mbps,Gaming,27.8%
2026-03-26 16:55:46,-59.5 dBm,23.0 ms,1.982 Mbps,1.482 Mbps,Gaming,72.7%
2026-03-26 16:55:50,-60.0 dBm,22.0 ms,2.569 Mbps,2.069 Mbps,Gaming,76.1%
2026-03-26 16:55:54,-59.5 dBm,22.0 ms,0.913 Mbps,0.413 Mbps,Gaming,55.1%
2026-03-26 16:55:58,-70.0 dBm,24.0 ms,0.524 Mbps,0.024 Mbps,Gaming,27.0%
2026-03-26 16:56:02,-70.0 dBm,23.0 ms,0.507 Mbps,0.007 Mbps,Gaming,25.2%
2026-03-26 16:56:07,-58.0 dBm,23.0 ms,0.502 Mbps,0.002 Mbps,Gaming,28.6%
2026-03-26 16:56:11,-58.0 dBm,23.0 ms,0.5 Mbps,0.0 Mbps,Gaming,28.4%
2026-03-26 16:56:15,-58.0 dBm,23.0 ms,0.501 Mbps,0.001 Mbps,Gaming,28.5%
2026-03-26 16:56:19,-58.0 dBm,22.0 ms,0.5 Mbps,0.0 Mbps,Gaming,28.5%
2026-03-26 16:56:23,-58.0 dBm,22.0 ms,0.5 Mbps,0.0 Mbps,Gaming,28.5%
2026-03-26 16:56:27,-58.0 dBm,22.0 ms,0.501 Mbps,0.001 Mbps,Gaming,28.6%
2026-03-26 16:56:32,-58.0 dBm,22.0 ms,0.504 Mbps,0.004 Mbps,Gaming,28.9%
2026-03-26 16:56:36,-58.0 dBm,24.0 ms,0.505 Mbps,0.005 Mbps,Gaming,28.9%
2026-03-26 16:56:40,-58.5 dBm,24.0 ms,0.502 Mbps,0.002 Mbps,Gaming,28.3%
2026-03-26 16:56:44,-58.5 dBm,23.0 ms,0.551 Mbps,0.051 Mbps,Gaming,33.8%
2026-03-26 16:56:48,-58.5 dBm,36.0 ms,1.122 Mbps,0.622 Mbps,Gaming,60.2%
2026-03-26 16:56:56,-58.5 dBm,24.0 ms,0.5 Mbps,0.0 Mbps,Gaming,28.1%
2026-03-26 16:57:00,-60.0 dBm,24.0 ms,0.56 Mbps,0.06 Mbps,Gaming,34.0%
2026-03-26 16:57:04,-62.5 dBm,22.0 ms,0.542 Mbps,0.042 Mbps,Gaming,31.6%
2026-03-26 16:57:08,-62.5 dBm,24.0 ms,6.224 Mbps,5.724 Mbps,Gaming,82.0%
2026-03-26 16:57:13,-62.5 dBm,23.0 ms,7.398 Mbps,6.898 Mbps,Gaming,82.8%
2026-03-26 16:57:17,-62.5 dBm,23.0 ms,8.248 Mbps,7.748 Mbps,Gaming,83.2%
2026-03-26 16:57:21,-62.5 dBm,25.0 ms,0.502 Mbps,0.002 Mbps,Gaming,26.9%
2026-03-26 16:57:25,-59.5 dBm,23.0 ms,1.355 Mbps,0.855 Mbps,Gaming,65.7%
2026-03-26 16:57:29,-59.5 dBm,23.0 ms,0.506 Mbps,0.006 Mbps,Gaming,28.6%
2026-03-26 16:57:33,-58.5 dBm,23.0 ms,0.506 Mbps,0.006 Mbps,Gaming,28.9%
2026-03-26 16:57:38,-58.5 dBm,22.0 ms,0.5 Mbps,0.0 Mbps,Gaming,28.3%
2026-03-26 16:57:42,-58.5 dBm,24.0 ms,0.501 Mbps,0.001 Mbps,Gaming,28.2%
2026-03-26 16:57:46,-58.5 dBm,23.0 ms,0.595 Mbps,0.095 Mbps,Gaming,37.8%
2026-03-26 16:57:50,-58.5 dBm,23.0 ms,0.528 Mbps,0.028 Mbps,Gaming,31.4%
2026-03-26 16:57:54,-59.0 dBm,23.0 ms,0.542 Mbps,0.042 Mbps,Gaming,32.7%
2026-03-26 16:57:58,-60.0 dBm,26.0 ms,0.526 Mbps,0.026 Mbps,Gaming,30.4%
2026-03-26 16:58:03,-60.0 dBm,23.0 ms,0.503 Mbps,0.003 Mbps,Gaming,28.1%
2026-03-26 16:58:07,-60.0 dBm,23.0 ms,0.501 Mbps,0.001 Mbps,Gaming,27.8%
2026-03-26 16:58:11,-60.0 dBm,24.0 ms,0.527 Mbps,0.027 Mbps,Gaming,30.7%
2026-03-26 16:58:15,-60.0 dBm,24.0 ms,17.713 Mbps,17.213 Mbps,Gaming,85.9%
2026-03-26 16:58:19,-59.5 dBm,25.0 ms,20.161 Mbps,19.661 Mbps,Gaming,86.2%
2026-03-26 16:58:23,-60.0 dBm,23.0 ms,15.063 Mbps,14.563 Mbps,Gaming,85.7%
2026-03-26 16:58:28,-71.5 dBm,22.0 ms,0.514 Mbps,0.014 Mbps,Gaming,25.6%
2026-03-26 16:58:32,-71.5 dBm,26.0 ms,0.501 Mbps,0.001 Mbps,Gaming,23.7%
2026-03-26 16:58:36,-71.5 dBm,23.0 ms,0.503 Mbps,0.003 Mbps,Gaming,24.2%
2026-03-26 16:58:40,-59.0 dBm,23.0 ms,0.5 Mbps,0.0 Mbps,Gaming,28.0%
2026-03-26 16:58:44,-59.0 dBm,23.0 ms,4.692 Mbps,4.192 Mbps,Gaming,81.6%
2026-03-26 16:58:49,-59.0 dBm,23.0 ms,6.582 Mbps,6.082 Mbps,Gaming,83.5%
2026-03-26 16:58:53,-59.0 dBm,23.0 ms,0.507 Mbps,0.007 Mbps,Gaming,28.9%
2026-03-26 16:58:57,-59.0 dBm,24.0 ms,0.501 Mbps,0.001 Mbps,Gaming,28.1%
2026-03-26 16:59:01,-59.0 dBm,23.0 ms,0.501 Mbps,0.001 Mbps,Gaming,28.1%
2026-03-26 16:59:05,-59.0 dBm,23.0 ms,0.502 Mbps,0.002 Mbps,Gaming,28.3%
2026-03-26 16:59:10,-59.0 dBm,23.0 ms,0.501 Mbps,0.001 Mbps,Gaming,28.1%
2026-03-26 16:59:14,-59.0 dBm,22.0 ms,0.5 Mbps,0.0 Mbps,Gaming,28.1%
2026-03-26 16:59:18,-59.0 dBm,22.0 ms,0.501 Mbps,0.001 Mbps,Gaming,28.2%
2026-03-26 16:59:22,-59.0 dBm,23.0 ms,0.501 Mbps,0.001 Mbps,Gaming,28.1%
2026-03-26 16:59:26,-59.0 dBm,23.0 ms,0.5 Mbps,0.0 Mbps,Gaming,28.0%
2026-03-26 16:59:30,-59.5 dBm,24.0 ms,0.503 Mbps,0.003 Mbps,Gaming,28.1%
2026-03-26 16:59:34,-59.5 dBm,24.0 ms,0.506 Mbps,0.006 Mbps,Gaming,28.5%
2026-03-26 16:59:39,-59.5 dBm,25.0 ms,0.501 Mbps,0.001 Mbps,Gaming,27.8%
2026-03-26 16:59:43,-59.5 dBm,23.0 ms,0.505 Mbps,0.005 Mbps,Gaming,28.5%
2026-03-26 16:59:47,-59.5 dBm,23.0 ms,9.812 Mbps,9.312 Mbps,Gaming,84.8%
2026-03-26 16:59:51,-59.5 dBm,22.0 ms,0.576 Mbps,0.076 Mbps,Gaming,35.9%
2026-03-26 16:59:55,-59.5 dBm,23.0 ms,1.661 Mbps,1.161 Mbps,Gaming,69.8%
2026-03-26 16:59:59,-59.5 dBm,31.0 ms,1.35 Mbps,0.85 Mbps,Gaming,64.8%
2026-03-26 17:00:04,-58.0 dBm,23.0 ms,0.506 Mbps,0.006 Mbps,Gaming,29.1%
2026-03-26 17:00:08,-58.5 dBm,22.0 ms,0.702 Mbps,0.202 Mbps,Gaming,45.6%
2026-03-26 17:00:12,-58.5 dBm,23.0 ms,0.503 Mbps,0.003 Mbps,Gaming,28.6%
2026-03-26 17:00:16,-58.5 dBm,24.0 ms,0.5 Mbps,0.0 Mbps,Gaming,28.1%
2026-03-26 17:00:20,-58.5 dBm,22.0 ms,0.501 Mbps,0.001 Mbps,Gaming,28.4%
2026-03-26 17:00:24,-58.5 dBm,23.0 ms,0.942 Mbps,0.442 Mbps,Gaming,56.4%
2026-03-26 17:00:28,-58.5 dBm,24.0 ms,6.36 Mbps,5.86 Mbps,Gaming,83.4%
2026-03-26 17:00:33,-58.5 dBm,23.0 ms,0.502 Mbps,0.002 Mbps,Gaming,28.4%
2026-03-26 17:00:37,-58.5 dBm,23.0 ms,0.505 Mbps,0.005 Mbps,Gaming,28.8%
2026-03-26 17:00:41,-58.5 dBm,23.0 ms,0.503 Mbps,0.003 Mbps,Gaming,28.6%
2026-03-26 17:00:45,-58.5 dBm,23.0 ms,0.503 Mbps,0.003 Mbps,Gaming,28.6%
2026-03-26 17:00:49,-58.5 dBm,24.0 ms,0.5 Mbps,0.0 Mbps,Gaming,28.1%
2026-03-26 17:00:53,-58.5 dBm,24.0 ms,0.502 Mbps,0.002 Mbps,Gaming,28.3%
2026-03-26 17:00:57,-58.5 dBm,24.0 ms,0.501 Mbps,0.001 Mbps,Gaming,28.2%
2026-03-26 17:01:02,-58.5 dBm,23.0 ms,0.501 Mbps,0.001 Mbps,Gaming,28.3%
2026-03-26 17:01:06,-58.5 dBm,23.0 ms,0.54 Mbps,0.04 Mbps,Gaming,32.6%
2026-03-26 17:01:10,-58.5 dBm,22.0 ms,0.556 Mbps,0.056 Mbps,Gaming,34.3%
2026-03-26 17:01:14,-58.5 dBm,23.0 ms,0.5 Mbps,0.0 Mbps,Gaming,28.2%
2026-03-26 17:01:18,-58.5 dBm,23.0 ms,0.501 Mbps,0.001 Mbps,Gaming,28.3%
2026-03-26 17:01:22,-58.5 dBm,24.0 ms,0.501 Mbps,0.001 Mbps,Gaming,28.2%
2026-03-26 17:01:27,-58.5 dBm,22.0 ms,0.5 Mbps,0.0 Mbps,Gaming,28.3%
2026-03-26 17:01:31,-58.5 dBm,22.0 ms,1.061 Mbps,0.561 Mbps,Gaming,60.0%
2026-03-26 17:01:35,-58.5 dBm,23.0 ms,0.504 Mbps,0.004 Mbps,Gaming,28.7%
2026-03-26 17:01:39,-58.5 dBm,23.0 ms,43.449 Mbps,42.949 Mbps,Gaming,87.5%
2026-03-26 17:01:43,-58.5 dBm,23.0 ms,8.637 Mbps,8.137 Mbps,Gaming,84.7%
2026-03-26 17:01:47,-58.5 dBm,23.0 ms,21.596 Mbps,21.096 Mbps,Gaming,86.8%
2026-03-26 17:01:51,-59.5 dBm,23.0 ms,0.504 Mbps,0.004 Mbps,Gaming,28.3%
2026-03-26 17:01:56,-59.5 dBm,23.0 ms,0.526 Mbps,0.026 Mbps,Gaming,30.8%
2026-03-26 17:02:00,-59.5 dBm,23.0 ms,0.517 Mbps,0.017 Mbps,Gaming,29.8%
2026-03-26 17:02:04,-59.5 dBm,24.0 ms,0.553 Mbps,0.053 Mbps,Gaming,33.5%
2026-03-26 17:02:08,-59.5 dBm,23.0 ms,0.506 Mbps,0.006 Mbps,Gaming,28.6%
2026-03-26 17:02:12,-59.5 dBm,23.0 ms,0.505 Mbps,0.005 Mbps,Gaming,28.5%
2026-03-26 17:02:16,-59.5 dBm,23.0 ms,0.501 Mbps,0.001 Mbps,Gaming,28.0%
2026-03-26 17:02:21,-59.5 dBm,23.0 ms,0.501 Mbps,0.001 Mbps,Gaming,28.0%
2026-03-26 17:02:25,-59.0 dBm,23.0 ms,0.515 Mbps,0.015 Mbps,Gaming,29.8%
2026-03-26 17:02:29,-59.0 dBm,22.0 ms,2.361 Mbps,1.861 Mbps,Gaming,75.4%
2026-03-26 17:02:33,-59.0 dBm,24.0 ms,0.504 Mbps,0.004 Mbps,Gaming,28.4%
2026-03-26 17:02:37,-59.0 dBm,23.0 ms,0.561 Mbps,0.061 Mbps,Gaming,34.6%
2026-03-26 17:02:41,-58.5 dBm,24.0 ms,0.501 Mbps,0.001 Mbps,Gaming,28.2%
2026-03-26 17:02:45,-58.5 dBm,23.0 ms,0.5 Mbps,0.0 Mbps,Gaming,28.2%
2026-03-26 17:02:50,-58.5 dBm,23.0 ms,0.5 Mbps,0.0 Mbps,Gaming,28.2%
2026-03-26 17:02:54,-58.5 dBm,25.0 ms,0.501 Mbps,0.001 Mbps,Gaming,28.1%
2026-03-26 17:02:58,-59.0 dBm,24.0 ms,0.972 Mbps,0.472 Mbps,Gaming,57.1%
2026-03-26 17:03:02,-59.0 dBm,23.0 ms,0.502 Mbps,0.002 Mbps,Gaming,28.3%
2026-03-26 17:03:06,-59.0 dBm,23.0 ms,0.5 Mbps,0.0 Mbps,Gaming,28.0%
2026-03-26 17:03:10,-59.0 dBm,23.0 ms,0.501 Mbps,0.001 Mbps,Gaming,28.1%
2026-03-26 17:03:14,-59.0 dBm,22.0 ms,0.503 Mbps,0.003 Mbps,Gaming,28.5%
2026-03-26 17:03:19,-59.0 dBm,23.0 ms,0.501 Mbps,0.001 Mbps,Gaming,28.1%
2026-03-26 17:03:23,-59.0 dBm,27.0 ms,0.506 Mbps,0.006 Mbps,Gaming,28.3%
2026-03-26 17:03:27,-59.0 dBm,23.0 ms,0.502 Mbps,0.002 Mbps,Gaming,28.3%
2026-03-26 17:03:31,-59.0 dBm,23.0 ms,0.502 Mbps,0.002 Mbps,Gaming,28.3%
2026-03-26 17:03:35,-59.0 dBm,23.0 ms,0.504 Mbps,0.004 Mbps,Gaming,28.5%
2026-03-26 17:03:39,-59.0 dBm,26.0 ms,0.512 Mbps,0.012 Mbps,Gaming,29.1%
2026-03-26 17:03:43,-59.0 dBm,23.0 ms,0.502 Mbps,0.002 Mbps,Gaming,28.3%
2026-03-26 17:03:48,-59.0 dBm,23.0 ms,0.5 Mbps,0.0 Mbps,Gaming,28.0%
2026-03-26 17:03:52,-59.0 dBm,23.0 ms,0.501 Mbps,0.001 Mbps,Gaming,28.1%
2026-03-26 17:03:56,-59.0 dBm,22.0 ms,0.501 Mbps,0.001 Mbps,Gaming,28.2%
2026-03-26 17:04:00,-59.0 dBm,23.0 ms,1.049 Mbps,0.549 Mbps,Gaming,59.4%
2026-03-26 17:04:04,-59.0 dBm,23.0 ms,0.63 Mbps,0.13 Mbps,Gaming,40.4%
2026-03-26 17:04:08,-59.0 dBm,23.0 ms,0.506 Mbps,0.006 Mbps,Gaming,28.7%
2026-03-26 17:04:12,-59.0 dBm,22.0 ms,0.505 Mbps,0.005 Mbps,Gaming,28.7%
2026-03-26 17:04:17,-59.0 dBm,22.0 ms,0.564 Mbps,0.064 Mbps,Gaming,34.9%
2026-03-26 17:04:21,-59.0 dBm,23.0 ms,0.501 Mbps,0.001 Mbps,Gaming,28.1%
2026-03-26 17:04:25,-59.0 dBm,23.0 ms,9.265 Mbps,8.765 Mbps,Gaming,84.8%
2026-03-26 17:04:29,-59.0 dBm,23.0 ms,0.986 Mbps,0.486 Mbps,Gaming,57.6%
2026-03-26 17:04:33,-59.0 dBm,23.0 ms,0.506 Mbps,0.006 Mbps,Gaming,28.7%
2026-03-26 17:04:37,-59.0 dBm,24.0 ms,0.502 Mbps,0.002 Mbps,Gaming,28.2%
2026-03-26 17:04:42,-59.0 dBm,23.0 ms,0.506 Mbps,0.006 Mbps,Gaming,28.7%
2026-03-26 17:04:46,-59.0 dBm,22.0 ms,0.503 Mbps,0.003 Mbps,Gaming,28.5%
2026-03-26 17:04:50,-59.0 dBm,24.0 ms,0.501 Mbps,0.001 Mbps,Gaming,28.1%
2026-03-26 17:04:54,-59.0 dBm,23.0 ms,0.502 Mbps,0.002 Mbps,Gaming,28.3%
2026-03-26 17:04:58,-59.0 dBm,22.0 ms,0.5 Mbps,0.0 Mbps,Gaming,28.1%
2026-03-26 17:05:02,-59.0 dBm,22.0 ms,0.502 Mbps,0.002 Mbps,Gaming,28.4%
2026-03-26 17:05:06,-59.0 dBm,24.0 ms,0.503 Mbps,0.003 Mbps,Gaming,28.3%
2026-03-26 17:05:11,-59.0 dBm,23.0 ms,0.501 Mbps,0.001 Mbps,Gaming,28.1%
2026-03-26 17:05:15,-59.0 dBm,26.0 ms,0.502 Mbps,0.002 Mbps,Gaming,28.0%
2026-03-26 17:05:19,-59.0 dBm,24.0 ms,0.5 Mbps,0.0 Mbps,Gaming,27.9%
2026-03-26 17:05:23,-59.0 dBm,32.0 ms,0.502 Mbps,0.002 Mbps,Gaming,27.4%
2026-03-26 17:05:27,-59.0 dBm,25.0 ms,0.501 Mbps,0.001 Mbps,Gaming,28.0%
2026-03-26 17:05:31,-59.0 dBm,23.0 ms,0.547 Mbps,0.047 Mbps,Gaming,33.2%
2026-03-26 17:05:35,-59.0 dBm,24.0 ms,0.503 Mbps,0.003 Mbps,Gaming,28.3%
2026-03-26 17:05:40,-59.0 dBm,22.0 ms,0.561 Mbps,0.061 Mbps,Gaming,34.7%
2026-03-26 17:05:44,-59.0 dBm,24.0 ms,0.5 Mbps,0.0 Mbps,Gaming,27.9%
2026-03-26 17:05:48,-59.0 dBm,23.0 ms,0.501 Mbps,0.001 Mbps,Gaming,28.1%
2026-03-26 17:05:52,-59.0 dBm,58.0 ms,9.899 Mbps,9.399 Mbps,Gaming,81.5%
2026-03-26 17:05:56,-59.0 dBm,23.0 ms,0.505 Mbps,0.005 Mbps,Gaming,28.6%
2026-03-26 17:06:00,-59.5 dBm,23.0 ms,5.681 Mbps,5.181 Mbps,Gaming,82.6%
2026-03-26 17:06:05,-59.5 dBm,23.0 ms,0.501 Mbps,0.001 Mbps,Gaming,28.0%
2026-03-26 17:06:09,-59.5 dBm,24.0 ms,0.661 Mbps,0.161 Mbps,Gaming,42.4%
2026-03-26 17:06:13,-59.5 dBm,23.0 ms,0.506 Mbps,0.006 Mbps,Gaming,28.6%
2026-03-26 17:06:17,-59.5 dBm,23.0 ms,0.506 Mbps,0.006 Mbps,Gaming,28.6%
2026-03-26 17:06:21,-59.5 dBm,23.0 ms,0.501 Mbps,0.001 Mbps,Gaming,28.0%
2026-03-26 17:06:25,-59.5 dBm,23.0 ms,0.501 Mbps,0.001 Mbps,Gaming,28.0%
2026-03-26 17:06:29,-59.5 dBm,24.0 ms,0.5 Mbps,0.0 Mbps,Gaming,27.8%
2026-03-26 17:06:34,-59.5 dBm,22.0 ms,0.501 Mbps,0.001 Mbps,Gaming,28.1%
2026-03-26 17:06:38,-59.5 dBm,22.0 ms,0.51 Mbps,0.01 Mbps,Gaming,29.1%
2026-03-26 17:06:42,-59.5 dBm,23.0 ms,0.504 Mbps,0.004 Mbps,Gaming,28.3%
2026-03-26 17:06:46,-59.5 dBm,24.0 ms,0.527 Mbps,0.027 Mbps,Gaming,30.8%
2026-03-26 17:06:50,-59.5 dBm,23.0 ms,0.502 Mbps,0.002 Mbps,Gaming,28.1%
2026-03-26 17:06:54,-59.5 dBm,23.0 ms,0.562 Mbps,0.062 Mbps,Gaming,34.5%
2026-03-26 17:06:58,-59.5 dBm,23.0 ms,0.5 Mbps,0.0 Mbps,Gaming,27.9%
2026-03-26 17:07:03,-59.5 dBm,23.0 ms,0.506 Mbps,0.006 Mbps,Gaming,28.6%
2026-03-26 17:07:07,-59.0 dBm,22.0 ms,0.504 Mbps,0.004 Mbps,Gaming,28.6%
2026-03-26 17:07:11,-59.0 dBm,23.0 ms,0.508 Mbps,0.008 Mbps,Gaming,29.0%
2026-03-26 17:07:15,-58.0 dBm,25.0 ms,0.503 Mbps,0.003 Mbps,Gaming,28.5%
2026-03-26 17:07:19,-58.0 dBm,19.0 ms,0.567 Mbps,0.067 Mbps,Gaming,35.9%
2026-03-26 17:07:23,-57.0 dBm,27.0 ms,0.819 Mbps,0.319 Mbps,Gaming,51.7%
2026-03-26 17:07:28,-57.0 dBm,19.0 ms,107.538 Mbps,107.038 Mbps,Gaming,88.8%
2026-03-26 17:07:32,-57.5 dBm,20.0 ms,102.433 Mbps,101.933 Mbps,Gaming,88.5%
2026-03-26 17:07:36,-69.5 dBm,20.0 ms,0.584 Mbps,0.084 Mbps,Gaming,33.5%
2026-03-26 17:07:40,-70.0 dBm,20.0 ms,1.079 Mbps,0.579 Mbps,Gaming,56.9%
2026-03-26 17:07:45,-57.5 dBm,23.0 ms,0.582 Mbps,0.082 Mbps,Gaming,37.0%
2026-03-26 17:07:49,-57.5 dBm,20.0 ms,0.5 Mbps,0.0 Mbps,Gaming,28.8%
2026-03-26 17:07:57,-57.5 dBm,19.0 ms,0.576 Mbps,0.076 Mbps,Gaming,36.9%
2026-03-26 17:08:02,-59.0 dBm,19.0 ms,0.668 Mbps,0.168 Mbps,Gaming,43.5%
2026-03-26 17:08:06,-59.0 dBm,20.0 ms,5.018 Mbps,4.518 Mbps,Gaming,82.3%
2026-03-26 17:08:10,-59.5 dBm,19.0 ms,0.502 Mbps,0.002 Mbps,Gaming,28.5%
2026-03-26 17:08:14,-59.5 dBm,20.0 ms,0.501 Mbps,0.001 Mbps,Gaming,28.3%
2026-03-26 17:08:18,-59.5 dBm,19.0 ms,0.682 Mbps,0.182 Mbps,Gaming,44.3%
2026-03-26 17:08:23,-59.5 dBm,23.0 ms,0.506 Mbps,0.006 Mbps,Gaming,28.6%
2026-03-26 17:08:27,-59.5 dBm,18.0 ms,0.574 Mbps,0.074 Mbps,Gaming,36.1%
2026-03-26 17:08:31,-59.5 dBm,19.0 ms,0.501 Mbps,0.001 Mbps,Gaming,28.4%
2026-03-26 17:08:35,-59.5 dBm,19.0 ms,0.502 Mbps,0.002 Mbps,Gaming,28.5%
2026-03-26 17:08:39,-59.5 dBm,19.0 ms,0.507 Mbps,0.007 Mbps,Gaming,29.1%
2026-03-26 17:08:43,-59.5 dBm,20.0 ms,0.501 Mbps,0.001 Mbps,Gaming,28.3%
2026-03-26 17:08:48,-59.5 dBm,19.0 ms,0.511 Mbps,0.011 Mbps,Gaming,29.6%
2026-03-26 17:08:52,-59.5 dBm,22.0 ms,0.662 Mbps,0.162 Mbps,Gaming,42.6%
2026-03-26 17:08:56,-59.5 dBm,23.0 ms,21.212 Mbps,20.712 Mbps,Gaming,86.5%
2026-03-26 17:09:00,-58.5 dBm,19.0 ms,0.618 Mbps,0.118 Mbps,Gaming,40.1%
2026-03-26 17:09:04,-58.5 dBm,19.0 ms,0.547 Mbps,0.047 Mbps,Gaming,33.8%
2026-03-26 17:09:08,-58.5 dBm,20.0 ms,0.502 Mbps,0.002 Mbps,Gaming,28.7%
2026-03-26 17:09:13,-58.5 dBm,18.0 ms,0.546 Mbps,0.046 Mbps,Gaming,33.8%
2026-03-26 17:09:17,-58.5 dBm,20.0 ms,0.504 Mbps,0.004 Mbps,Gaming,29.0%
2026-03-26 17:09:21,-58.5 dBm,19.0 ms,0.503 Mbps,0.003 Mbps,Gaming,29.0%
2026-03-26 17:09:25,-58.5 dBm,19.0 ms,0.504 Mbps,0.004 Mbps,Gaming,29.1%
2026-03-26 17:09:30,-58.5 dBm,19.0 ms,0.5 Mbps,0.0 Mbps,Gaming,28.6%
2026-03-26 17:09:34,-58.5 dBm,21.0 ms,0.519 Mbps,0.019 Mbps,Gaming,30.6%
2026-03-26 17:09:38,-58.5 dBm,20.0 ms,0.501 Mbps,0.001 Mbps,Gaming,28.6%
2026-03-26 17:09:42,-58.5 dBm,19.0 ms,0.501 Mbps,0.001 Mbps,Gaming,28.7%
2026-03-26 17:09:46,-58.5 dBm,21.0 ms,0.56 Mbps,0.06 Mbps,Gaming,34.8%
2026-03-26 17:09:50,-58.5 dBm,18.0 ms,0.503 Mbps,0.003 Mbps,Gaming,29.1%
2026-03-26 17:09:55,-58.5 dBm,19.0 ms,24.303 Mbps,23.803 Mbps,Gaming,87.4%
2026-03-26 17:09:59,-58.5 dBm,18.0 ms,0.503 Mbps,0.003 Mbps,Gaming,29.1%
2026-03-26 17:10:03,-58.5 dBm,21.0 ms,0.501 Mbps,0.001 Mbps,Gaming,28.5%
2026-03-26 17:10:07,-58.5 dBm,19.0 ms,0.502 Mbps,0.002 Mbps,Gaming,28.8%
2026-03-26 17:10:12,-58.5 dBm,20.0 ms,0.501 Mbps,0.001 Mbps,Gaming,28.6%
2026-03-26 17:10:16,-58.5 dBm,44.0 ms,0.501 Mbps,0.001 Mbps,Gaming,26.2%
2026-03-26 17:10:20,-59.0 dBm,19.0 ms,0.673 Mbps,0.173 Mbps,Gaming,43.9%
2026-03-26 17:10:24,-59.0 dBm,21.0 ms,0.504 Mbps,0.004 Mbps,Gaming,28.7%
2026-03-26 17:10:28,-59.0 dBm,19.0 ms,0.575 Mbps,0.075 Mbps,Gaming,36.3%
2026-03-26 17:10:32,-59.0 dBm,20.0 ms,0.502 Mbps,0.002 Mbps,Gaming,28.6%
2026-03-26 17:10:37,-59.5 dBm,19.0 ms,0.501 Mbps,0.001 Mbps,Gaming,28.4%
2026-03-26 17:10:41,-59.5 dBm,19.0 ms,0.505 Mbps,0.005 Mbps,Gaming,28.9%
2026-03-26 17:10:45,-59.5 dBm,20.0 ms,0.502 Mbps,0.002 Mbps,Gaming,28.4%
2026-03-26 17:10:49,-59.5 dBm,33.0 ms,46.749 Mbps,46.249 Mbps,Gaming,86.2%
2026-03-26 17:10:53,-59.5 dBm,19.0 ms,63.567 Mbps,63.067 Mbps,Gaming,87.8%
2026-03-26 17:10:57,-74.0 dBm,23.0 ms,52.646 Mbps,52.146 Mbps,Gaming,82.5%
2026-03-26 17:11:01,-74.0 dBm,19.0 ms,95.428 Mbps,94.928 Mbps,Gaming,83.1%
2026-03-26 17:11:06,-74.0 dBm,19.0 ms,96.569 Mbps,96.069 Mbps,Gaming,83.1%
2026-03-26 17:11:10,-73.0 dBm,20.0 ms,98.813 Mbps,98.313 Mbps,Gaming,83.4%
2026-03-26 17:11:14,-72.5 dBm,19.0 ms,99.105 Mbps,98.605 Mbps,Gaming,83.6%
2026-03-26 17:11:18,-73.0 dBm,20.0 ms,100.377 Mbps,99.877 Mbps,Gaming,83.4%
2026-03-26 17:11:22,-73.0 dBm,21.0 ms,67.008 Mbps,66.508 Mbps,Gaming,83.1%
2026-03-26 17:11:27,-73.0 dBm,20.0 ms,102.363 Mbps,101.863 Mbps,Gaming,83.4%
2026-03-26 17:11:31,-72.5 dBm,25.0 ms,94.605 Mbps,94.105 Mbps,Gaming,83.0%
2026-03-26 17:11:35,-72.5 dBm,20.0 ms,101.06 Mbps,100.56 Mbps,Gaming,83.5%
2026-03-26 17:11:39,-74.0 dBm,19.0 ms,101.262 Mbps,100.762 Mbps,Gaming,83.1%
2026-03-26 17:11:43,-74.0 dBm,23.0 ms,100.23 Mbps,99.73 Mbps,Gaming,82.7%
2026-03-26 17:11:47,-72.5 dBm,58.0 ms,105.514 Mbps,105.014 Mbps,Gaming,79.8%
2026-03-26 17:11:52,-74.0 dBm,19.0 ms,93.428 Mbps,92.928 Mbps,Gaming,83.1%
2026-03-26 17:11:56,-70.5 dBm,19.0 ms,111.069 Mbps,110.569 Mbps,Gaming,84.3%
2026-03-26 17:12:00,-69.5 dBm,18.0 ms,101.09 Mbps,100.59 Mbps,Gaming,84.7%
2026-03-26 17:12:04,-69.5 dBm,18.0 ms,149.053 Mbps,148.553 Mbps,Gaming,84.8%
2026-03-26 17:12:08,-71.0 dBm,18.0 ms,107.849 Mbps,107.349 Mbps,Gaming,84.3%
2026-03-26 17:12:12,-71.5 dBm,21.0 ms,35.205 Mbps,34.705 Mbps,Gaming,83.2%
2026-03-26 17:12:17,-59.5 dBm,19.0 ms,127.452 Mbps,126.952 Mbps,Gaming,88.0%
2026-03-26 17:12:21,-59.5 dBm,19.0 ms,104.457 Mbps,103.957 Mbps,Gaming,88.0%
2026-03-26 17:12:25,-73.5 dBm,19.0 ms,129.383 Mbps,128.883 Mbps,Gaming,83.4%
2026-03-26 17:12:29,-70.5 dBm,19.0 ms,132.931 Mbps,132.431 Mbps,Gaming,84.4%
2026-03-26 17:12:33,-71.0 dBm,19.0 ms,0.504 Mbps,0.004 Mbps,Gaming,24.9%
2026-03-26 17:12:37,-58.5 dBm,19.0 ms,114.466 Mbps,113.966 Mbps,Gaming,88.3%
2026-03-26 17:12:42,-58.5 dBm,19.0 ms,110.494 Mbps,109.994 Mbps,Gaming,88.3%
2026-03-26 17:12:46,-71.0 dBm,19.0 ms,93.866 Mbps,93.366 Mbps,Gaming,84.1%
2026-03-26 17:12:50,-70.5 dBm,20.0 ms,116.729 Mbps,116.229 Mbps,Gaming,84.2%
2026-03-26 17:12:54,-70.5 dBm,20.0 ms,94.767 Mbps,94.267 Mbps,Gaming,84.2%
2026-03-26 17:12:58,-70.0 dBm,19.0 ms,43.266 Mbps,42.766 Mbps,Gaming,84.1%
2026-03-26 17:13:02,-70.0 dBm,19.0 ms,82.743 Mbps,82.243 Mbps,Gaming,84.4%
2026-03-26 17:13:07,-58.5 dBm,19.0 ms,95.369 Mbps,94.869 Mbps,Gaming,88.3%
2026-03-26 17:13:11,-73.0 dBm,21.0 ms,109.799 Mbps,109.299 Mbps,Gaming,83.3%
2026-03-26 17:13:15,-73.0 dBm,19.0 ms,126.06 Mbps,125.56 Mbps,Gaming,83.5%
2026-03-26 17:13:19,-74.0 dBm,20.0 ms,120.561 Mbps,120.061 Mbps,Gaming,83.1%
2026-03-26 17:13:23,-74.0 dBm,19.0 ms,116.602 Mbps,116.102 Mbps,Gaming,83.2%
2026-03-26 17:13:27,-73.0 dBm,19.0 ms,57.246 Mbps,56.746 Mbps,Gaming,83.2%
2026-03-26 17:13:31,-71.5 dBm,20.0 ms,100.742 Mbps,100.242 Mbps,Gaming,83.9%
2026-03-26 17:13:36,-71.5 dBm,19.0 ms,91.03 Mbps,90.53 Mbps,Gaming,83.9%
2026-03-26 17:13:40,-71.0 dBm,31.0 ms,102.672 Mbps,102.172 Mbps,Gaming,82.9%
2026-03-26 17:13:44,-58.5 dBm,18.0 ms,0.504 Mbps,0.004 Mbps,Gaming,29.2%
2026-03-26 17:13:48,-58.5 dBm,18.0 ms,0.503 Mbps,0.003 Mbps,Gaming,29.1%
2026-03-26 17:13:52,-58.5 dBm,20.0 ms,0.504 Mbps,0.004 Mbps,Gaming,29.0%
2026-03-26 17:13:56,-58.5 dBm,19.0 ms,0.501 Mbps,0.001 Mbps,Gaming,28.7%
2026-03-26 17:14:00,-58.5 dBm,19.0 ms,0.501 Mbps,0.001 Mbps,Gaming,28.7%
2026-03-26 17:14:05,-59.0 dBm,18.0 ms,0.502 Mbps,0.002 Mbps,Gaming,28.8%
2026-03-26 17:14:09,-59.0 dBm,19.0 ms,0.5 Mbps,0.0 Mbps,Gaming,28.4%
2026-03-26 17:14:13,-59.0 dBm,19.0 ms,0.506 Mbps,0.006 Mbps,Gaming,29.1%
2026-03-26 17:14:17,-59.0 dBm,19.0 ms,0.503 Mbps,0.003 Mbps,Gaming,28.8%
2026-03-26 17:14:21,-59.0 dBm,19.0 ms,0.5 Mbps,0.0 Mbps,Gaming,28.4%
2026-03-26 17:14:25,-58.5 dBm,19.0 ms,0.5 Mbps,0.0 Mbps,Gaming,28.6%
2026-03-26 17:14:29,-58.5 dBm,19.0 ms,7.372 Mbps,6.872 Mbps,Gaming,84.5%
2026-03-26 17:14:34,-58.5 dBm,31.0 ms,0.5 Mbps,0.0 Mbps,Gaming,27.4%
2026-03-26 17:14:38,-58.5 dBm,19.0 ms,0.509 Mbps,0.009 Mbps,Gaming,29.7%
2026-03-26 17:14:42,-58.0 dBm,19.0 ms,4.74 Mbps,4.24 Mbps,Gaming,82.4%
2026-03-26 17:14:46,-58.5 dBm,20.0 ms,0.502 Mbps,0.002 Mbps,Gaming,28.7%
2026-03-26 17:14:50,-58.5 dBm,20.0 ms,0.5 Mbps,0.0 Mbps,Gaming,28.5%
2026-03-26 17:14:54,-58.5 dBm,20.0 ms,0.505 Mbps,0.005 Mbps,Gaming,29.1%
2026-03-26 17:14:59,-58.5 dBm,19.0 ms,0.501 Mbps,0.001 Mbps,Gaming,28.7%
2026-03-26 17:15:03,-58.5 dBm,20.0 ms,0.503 Mbps,0.003 Mbps,Gaming,28.9%
2026-03-26 17:15:07,-58.5 dBm,21.0 ms,0.502 Mbps,0.002 Mbps,Gaming,28.6%
2026-03-26 17:15:11,-58.5 dBm,19.0 ms,0.501 Mbps,0.001 Mbps,Gaming,28.7%
2026-03-26 17:15:15,-58.5 dBm,18.0 ms,0.501 Mbps,0.001 Mbps,Gaming,28.8%
2026-03-26 17:15:19,-58.5 dBm,19.0 ms,0.5 Mbps,0.0 Mbps,Gaming,28.6%
2026-03-26 17:15:23,-58.5 dBm,19.0 ms,0.5 Mbps,0.0 Mbps,Gaming,28.6%
2026-03-26 17:15:28,-58.5 dBm,19.0 ms,0.501 Mbps,0.001 Mbps,Gaming,28.7%
2026-03-26 17:15:32,-59.0 dBm,19.0 ms,0.503 Mbps,0.003 Mbps,Gaming,28.8%
2026-03-26 17:15:36,-59.0 dBm,19.0 ms,0.503 Mbps,0.003 Mbps,Gaming,28.8%
2026-03-26 17:15:40,-59.0 dBm,19.0 ms,0.503 Mbps,0.003 Mbps,Gaming,28.8%
2026-03-26 17:15:44,-59.0 dBm,18.0 ms,0.501 Mbps,0.001 Mbps,Gaming,28.6%
2026-03-26 17:15:48,-59.0 dBm,19.0 ms,0.501 Mbps,0.001 Mbps,Gaming,28.5%
2026-03-26 17:15:52,-59.0 dBm,21.0 ms,0.507 Mbps,0.007 Mbps,Gaming,29.1%
2026-03-26 17:15:57,-59.0 dBm,19.0 ms,0.52 Mbps,0.02 Mbps,Gaming,30.7%
2026-03-26 17:16:01,-59.0 dBm,19.0 ms,0.506 Mbps,0.006 Mbps,Gaming,29.1%
2026-03-26 17:16:05,-59.0 dBm,19.0 ms,0.501 Mbps,0.001 Mbps,Gaming,28.5%
2026-03-26 17:16:09,-59.0 dBm,19.0 ms,0.691 Mbps,0.191 Mbps,Gaming,45.0%
2026-03-26 17:16:13,-59.0 dBm,19.0 ms,2.87 Mbps,2.37 Mbps,Gaming,78.0%
2026-03-26 17:16:17,-59.0 dBm,66.0 ms,0.507 Mbps,0.007 Mbps,Gaming,24.6%
2026-03-26 17:16:22,-59.0 dBm,25.0 ms,0.719 Mbps,0.219 Mbps,Gaming,46.1%
2026-03-26 17:16:26,-71.5 dBm,31.0 ms,1.074 Mbps,0.574 Mbps,Gaming,55.1%
2026-03-26 17:16:30,-59.0 dBm,20.0 ms,0.809 Mbps,0.309 Mbps,Gaming,51.2%
2026-03-26 17:16:34,-59.0 dBm,20.0 ms,0.564 Mbps,0.064 Mbps,Gaming,35.1%
2026-03-26 17:16:38,-58.0 dBm,18.0 ms,0.531 Mbps,0.031 Mbps,Gaming,32.4%
2026-03-26 17:16:42,-58.0 dBm,21.0 ms,0.511 Mbps,0.011 Mbps,Gaming,29.9%
2026-03-26 17:16:47,-58.0 dBm,18.0 ms,0.565 Mbps,0.065 Mbps,Gaming,35.8%
2026-03-26 17:16:51,-58.0 dBm,21.0 ms,17.512 Mbps,17.012 Mbps,Gaming,86.9%
2026-03-26 17:16:55,-58.0 dBm,20.0 ms,6.788 Mbps,6.288 Mbps,Gaming,84.2%
2026-03-26 17:16:59,-57.5 dBm,19.0 ms,0.507 Mbps,0.007 Mbps,Gaming,29.8%
2026-03-26 17:17:03,-57.5 dBm,19.0 ms,0.512 Mbps,0.012 Mbps,Gaming,30.3%
2026-03-26 17:17:08,-69.5 dBm,19.0 ms,0.505 Mbps,0.005 Mbps,Gaming,25.5%
2026-03-26 17:17:12,-69.5 dBm,19.0 ms,0.501 Mbps,0.001 Mbps,Gaming,25.1%
2026-03-26 17:17:16,-69.5 dBm,19.0 ms,0.5 Mbps,0.0 Mbps,Gaming,24.9%
2026-03-26 17:17:20,-57.5 dBm,21.0 ms,0.505 Mbps,0.005 Mbps,Gaming,29.3%
2026-03-26 17:17:24,-57.5 dBm,25.0 ms,0.531 Mbps,0.031 Mbps,Gaming,31.8%
2026-03-26 17:17:28,-57.5 dBm,19.0 ms,1.352 Mbps,0.852 Mbps,Gaming,66.7%
2026-03-26 17:17:33,-57.5 dBm,19.0 ms,17.707 Mbps,17.207 Mbps,Gaming,87.2%
2026-03-26 17:17:37,-57.5 dBm,20.0 ms,7.904 Mbps,7.404 Mbps,Gaming,85.0%
2026-03-26 17:17:41,-57.5 dBm,19.0 ms,0.695 Mbps,0.195 Mbps,Gaming,45.8%
2026-03-26 17:17:45,-57.5 dBm,19.0 ms,0.5 Mbps,0.0 Mbps,Gaming,28.9%
2026-03-26 17:17:49,-57.5 dBm,19.0 ms,3.985 Mbps,3.485 Mbps,Gaming,81.4%
2026-03-26 17:17:54,-57.5 dBm,19.0 ms,0.504 Mbps,0.004 Mbps,Gaming,29.4%
2026-03-26 17:17:58,-57.5 dBm,19.0 ms,0.925 Mbps,0.425 Mbps,Gaming,56.5%
2026-03-26 17:18:02,-57.5 dBm,20.0 ms,0.501 Mbps,0.001 Mbps,Gaming,28.9%
2026-03-26 17:18:06,-57.5 dBm,24.0 ms,0.502 Mbps,0.002 Mbps,Gaming,28.7%
2026-03-26 17:18:10,-58.5 dBm,20.0 ms,0.505 Mbps,0.005 Mbps,Gaming,29.1%
2026-03-26 17:18:14,-58.0 dBm,19.0 ms,0.503 Mbps,0.003 Mbps,Gaming,29.1%
2026-03-26 17:18:19,-58.0 dBm,21.0 ms,0.502 Mbps,0.002 Mbps,Gaming,28.8%
2026-03-26 17:18:23,-58.0 dBm,20.0 ms,0.501 Mbps,0.001 Mbps,Gaming,28.8%
2026-03-26 17:18:27,-58.0 dBm,22.0 ms,0.502 Mbps,0.002 Mbps,Gaming,28.7%
2026-03-26 17:18:31,-59.5 dBm,20.0 ms,0.506 Mbps,0.006 Mbps,Gaming,28.9%
2026-03-26 17:18:35,-59.5 dBm,20.0 ms,0.5 Mbps,0.0 Mbps,Gaming,28.2%
2026-03-26 17:18:39,-59.5 dBm,20.0 ms,0.504 Mbps,0.004 Mbps,Gaming,28.6%
2026-03-26 17:18:43,-59.5 dBm,19.0 ms,0.501 Mbps,0.001 Mbps,Gaming,28.4%
2026-03-26 17:18:48,-59.5 dBm,33.0 ms,0.543 Mbps,0.043 Mbps,Gaming,31.6%
2026-03-26 17:18:52,-59.5 dBm,21.0 ms,8.036 Mbps,7.536 Mbps,Gaming,84.3%
2026-03-26 17:18:56,-61.0 dBm,19.0 ms,8.707 Mbps,8.207 Mbps,Gaming,84.3%
2026-03-26 17:19:00,-61.0 dBm,35.0 ms,0.5 Mbps,0.0 Mbps,Gaming,26.2%
2026-03-26 17:19:04,-60.0 dBm,18.0 ms,14.437 Mbps,13.937 Mbps,Gaming,86.1%
2026-03-26 17:19:08,-60.0 dBm,20.0 ms,8.164 Mbps,7.664 Mbps,Gaming,84.3%
